,training_acc,cv_acc,training_loss,cv_loss
0,0.0,0.937,0.0,0.23142446731511412
0,0.0,0.9556,0.0,0.154695156310056
